,상품명,구매자 이름,구매자 평점,리뷰 제목,리뷰 내용
0,"Apple 2022 맥북 에어, 실버, M2 8코어, GPU 8코어, 256GB, 8GB, 30W, 한글",이*현,5,아이패드 짝꿍,"당근에서 미개봉 구하다가 실버 색상은 없어서 쿠팡에서 구매했습니다와우 회원 쿠폰 쓰고 카드 할인은 없어서 쿠페이 결제시 1만원 쿠페이 캐시백 해서 139정도에 구매 했네요인터넷 서핑, 블로그 등 간단한 타이핑 활동, 메신저 이용, 할 일 관리 등정말정말 개인 노트북으로 구매한 거여서 본 성능에 비하면 저에게 아주 과분한 친구이고!첫 맥북이라 아직 어색하기도 하고 버벅거리는 부분도 있지만,일단 너무 이쁘고 아이폰, 아이패드와의 연동성 두 가지 만으로도 만족합니다키감도 좋고 무거운 프로그램 돌리는 게 아니라서 그런지 발열도 아직까지 못 느껴봤고팬리스여서 소음도 정말 없습니다맥도 잘 모르면서 뭐하러 맥북 사냐 그냥 윈도우 노트북 사라는 의견도 존중은 하지만정말 이 가격에 이 정도 노트북은 윈도우에도 없더라구요 ㅠ(그램.. 가볍고 좋은 만큼 비싸,,,,ㅎㅎ)어쨋든 깡통이 성능 저하 이슈도 있지만 그래도 저같은 라이트 유저에겐 충분히 좋은 노트북!아이패드+에어팟프로 있으시면 더더욱 추천드립니다~!"
1,"Apple 2022 맥북 에어, 미드나이트, M2 8코어, GPU 8코어, 256GB, 8GB, 30W, 한글",한*기,4,맥북병은 맥북을 사야 낫죠. 완치했습니다.,"- 구매 계기20대부터 맥북을 써봐야지 했는데 매 번 윈도우 노트북을 사용하다 보니 랩탑 두 대는 사치 같더라고요. 그런데 2022 맥북은 디자인에 반해서 홀린 듯 구매했습니다. 사전예약을 놓쳐서 영문 키보드로 구매하고 싶었는데 그건 품절이길래 한글 자판으로 구매했어요. 결론은 그냥 예뻐서 샀습니다. 7월 말에 구매했는데 8월 23일에 도착한다고 해놓고 갑자기 8월 4일로 당겨진 배송 날짜에 신이 났어요.- m1 16과의 고민전작의 램 업그레이드와 신제품 깡통의 가격이 거의 비슷하거나 할인율, 쿠폰 잘 먹이면 m1 16이 더 저렴하기도 하더라고요. 기존 맥북의 디자인도 예쁘다고 생각했기 때문에 고민을 정말 정말 정-말 많이 했지만 이왕 사는 거 더 끌리는 디자인으로 선택했습니다. 한 번 사면 오래 살텐데 후회하기 싫었어요. 그리고 생각해보면 제가 코딩을 하는 것도 아니고 영상 편집을 하는 것도 아니라서 깡통으로 충분하다고 생각했습니다. 에어는 깡통이 진리라는 영상도 왕왕 봤구요. (그냥 맥북으로 카카오톡 하고 싶은 인간)- 개봉맥북은 첫 구매인데 아이패드나 아이폰과는 또 다른 느낌^^; 이었습니다. 박스에 절개선 뜯으면 나오는 본박스가 인상깊었고요. 순서대로 본체와 맥세이프 충전 케이블, 충전기까지 다 나왔어요. 스티커도 미드나이트 색인 것 확인하고 다시 집어넣었습니다. 집 어딘가에 굴러다니는 애플 관짝이 정말 많아져서 스티커도 진짜 많긴 한데 쓰질 않네요. 아름답습니다.- 사용하면서아직 적응 중입니다만, 카카오톡 실행이 초반에 굉장히 느린 것은 생각 외였어요. 가벼운 인터넷 서핑이나 노래 재생 등은 아무 무리가 없지만 유독 카카오톡만 실행이 느리더군요. 그리고 맥북 자판이 처음이긴 한데 이번에 나비식으로 바뀌었다고 들었거든요. 가지고 있는 18년식 그램과 거의 흡사한 느낌의 키보드는 아주 약간 실망이었습니다. 쫀득한 맛이 없어요. 레노버 같은 느낌일 줄 알았는데.그거 말고는 좋습니다만 역시 다한증이 있는 제 손 때문에 미드나이트 m2 에어가 고생 깨나 할 것 같네요 ㅎㅎ 어차피 이왕 손에 들어온 거 제 물건이라 전투용으로 막 쓸 생각입니당. 그 외 다 좋아요! 적응 되면 맥으로 개발 공부도 좀 해보고 싶네요. 언젠가는.- 총평원래 물건을 주문하고 오기까지가 기대감 최고조인 것 아시죠ㅎㅎ 정작 받으니 아이패드처럼 감흥이 조금 식지만 그래도 너무 좋습니다. 괜히 업무 중에도 맥북 켜서 한번씩 만져보고 웹서핑도 하고 그래요. 맘에 들면 사세요. 깡통도 나쁘지 않아요. 특히 저처럼 맥북이 아예 처음이시라면 구매를 더욱 추천합니다."
2,"Apple 2022 맥북 에어, 미드나이트, M2 8코어, GPU 8코어, 256GB, 8GB, 30W, 한글",강*중,5,와씨... 완전 개 이쁨...,"8월 5일 배송예정이었는데, 8월1일 배송받았어요! 압도적감사!!!미드나이트 컬러로 구매했는데 너무 예쁘네요.마치 밤하늘색처럼, 블랙컬러에 은은한 블루컬러가 스며든것 같은 느낌입니다.프로버전은 디자인이 좀 투박했던것에 비해,m2에어는 비교적 얇아서인지 전혀 투박해 보이지 않고 날렵함과 모던함이 강조되서 더욱 고급스럽게 다가옵니다.m1에어 디자인도 좋았는데, 개인적으로는 컬러와 디자인 모두 m2에어가 더 이쁜거 같아요.구매전에 m2에어관련 발열,속도 이슈를 접하긴 했는데,사실 테스트환경이 저랑은 전혀 무관해 보여서 그냥 구매하기로 결정했어요.그 정도로 에어를 혹사시킬 사용자라면, 애초에 프로버전을 고려하는게 맞다고 봐요.사실 그보다는 m1과의 가격차이때문에 구매를 고민하실 분들이 더 많을거 같아요.저도 그랬거든요ㅋㅋㅋ;;;  역대 에어라인의 가격대를 생각해보면 이번 m2에어의 가격이 딱히 비싼것도 아니지만...바로 이전 버전인 m1에어의 가격과 가성비때문에 '상대적'으로 좀 비싸게 느껴지긴 하더라구여ㅠㅠ그래도 여러분!애플은 애플입니다!저도 배송 받기전까지는 쬐에끔 긴가민가했거든요?그런데 실물 영접하고 나서는 구매하길 너무너무 잘 했다는 생각뿐이에요.고민하시는 분들께 진짜진짜 추천드립니다!"
3,"Apple 2022 맥북 에어, 미드나이트, M2 8코어, GPU 8코어, 256GB, 8GB, 30W, 한글",김*현,5,등록된 헤드라인이 없습니다,"M1 제품이 너무 저렴하게 잘 나왔다보니 상대적으로 평가가 애매한 M2 제품입니다. 비싸지만 디자인, 색상이 마음에 들어서 M2를 구매했어요. 신제품인 것도 한 몫하지만요ㅎㅎ 애플 제품이라 언박싱은 언제나 그렇듯 기분 좋고 설레네요:)구매 후에는 웹 개발, 코딩 공부 및 사무작업용으로 사용하고 있습니다. 기본형으로 사용하고 있음에도 작업에 영향을 준다고는 느껴지지 않고 쾌적하게 잘 이용하고 있습니다. 이 제품이 제 첫 맥북인데 잠자기 메뉴라던가 자동으로 파일을 모으고 정리하는 시스템이 마음에 드네요. 윈도우 사용하다 맥을 사용하니 적응이 안되는건 어쩔 수 없지만 일주일 정도만 매일 사용하시면 무리없이 적응 가능하실거예요~사용 후에 아쉬운 점은 아이패드를 함께 사용하면서 블루투스 미러링을 이용하고 있는데, 연결이 불안정해서 1시간 정도 사용하면 미러링이 자꾸 끊기거나 먹통이 되네요. 소프트웨어 업데이트 문제일 수도 있지만 사용에는 좀 불편했습니다ㅠ 제가 윈도우 노트북을 사용하면서 유료 앱을 사용했었는데 오히려 그 유료 앱이 끊김없이 원활하게 사용 가능했던 것 같네요.종합적으로는 만족스러운 사용기였습니다:)"
4,"Apple 2022 맥북 에어, 스페이스그레이, M2 8코어, GPU 8코어, 256GB, 8GB, 30W, 한글",김*린,5,고민말고 GO!! 완전만족~~ 역시 애플,"얼마전 애플 스토어에 방문했다가 넘 이뻐서 고민고민 끝에 구입했어요ㅎㅎ 윈도우만 써봐서 맥에 적응 할수 있을까 걱정 많이했는데써본결과, 생각보다 좋고 성능도 안떨어지고 무엇보다 넘 이쁘고윈도우 안써도 안불편하더라구요 !! 제가 개발자인데, 개발 프로그램들도 잘 다운받아지고 개발할 맛 납니다~~ 남친거는 프로인데 확실히 프로가 빠르긴 해요~~ 근데 넘 무겁 ㅜㅜ에어가 가볍고 여자가 쓰기에 딱인거같아용 ㅎㅎㅎ색상고민도 많이했는데 스그 사길 잘한것같아요 사실 어떤 색상이여도 만족했을거같기는 해요 ㅎㅎㅎ 고민하시는 분들 애플스토어가서 봐보세영 넘 이쁨"
5,"Apple 2022 맥북 에어, 미드나이트, M2 8코어, GPU 10코어, 512GB, 8GB, 35W 듀얼, 한글",hwanguc7,5,드디어 최신 맥북 사용!!! M2 고급형 미드나이트!,"이전까지 윈도우 데스크탑과 2012년형 맥북프로를 사용하고 있었는데, 제한 되는게 많고, 번거롭다보니 깊은 고민끝에 M2맥북에어를 구매하게 되었습니다! 일단은 새로운 디자인과 색상이 가장 맘에 들었고 가성비의 M1맥북에어와 고민하다가 그래도 이왕 사는거 최신을 쓰자는 생각으로 구매했습니다! 전문적인 영상편집은 아니지만 영상편집 할 일들이 있어 용량과 그래픽에 장점이 있는 고급형으로 구매했구요!!엄청 고민하고, 싸게 살 수 있는 날을 기다렸는데, 저는 카드사 할인 8프로 + 쿠폰으로 약 10프로 정도 저렴하게 구매한것 같네요~! 할부한 만큼 아껴서 잘 쓰도록 하겠습니다!! ㅎㅎ 구매하실 분들에게 조금이나마 도움이 되길 바랍니다!"
6,"Apple 2022 맥북 에어, 실버, M2 8코어, GPU 8코어, 256GB, 8GB, 30W, 한글",신*은,5,등록된 헤드라인이 없습니다,"맥북프로랑 고민하다가무게, 기존 폼팩터라서 에어M2로 구매했습니다! 사실 신형 맥북 프로가 가격이 더 저렴해서 진짜 여러번 고민했는데 ㅠㅠ 베젤에서 오는 답답함도 견딜 수가 없겠더라구요 저는 간단한 포토, 일러, 문서작업용이라 에어로도 충분하겠다 싶었습니다다만 가끔 무거운 작업물 돌릴 때는 쿨러가 없는 제품이라 작업속도가 좀 느려지는 건 어쩔 수 없나봐요………제 생각보다 꽤 느렸습니다( 이런 점들을 고민하셔서 아예 M1프로 추천해주시는 분들도 많더라구요 )그 외에는 다 만족합니다 무게도 딱 적당하구요, 화면도 넓구요!다른 애플 제품들은 케어 안 들었는데 맥북만큼은 가입했습니다 ㅎㅎㅎ고민하시는 분들은 조금이라도 세일할 때 지르세요!"
7,"Apple 2022 맥북 에어, 스타라이트, M2 8코어, GPU 8코어, 256GB, 8GB, 30W, 한글",김*호,5,최고의 선택이에요!,"애플 제품 쓰시는 분들은 최고의 선택이네요.M2칩에 대한 혹평을 많이 보기는 했는데 기존에 사용하던 윈도우 노트북하고 비교하면비교불가 성능이네요.색상은 스타라이트인데 아이폰의 그것과는 또다른고급스러움이 있어요. 아이폰 스타라이트보다 좀 더골드베이지에 가까워서 아이폰에도 이런 색깔 있음 좋겠다고 생각했네요.애플의 장점은 무엇보다 연결성이죠. 아이폰, 패드와의 연동이 가장 강력한 장점이라 생각합니다.영상 시청을 꽤 많이 하는데 화질에 대한 만족감이 가장 높습니다.전문 개발자나 영상편집자가 아닌 저같은 일반 사용자는맥북 에어로도 엄청 충분한 만족감을 느끼실거라 확신합니다."
8,"Apple 2022 맥북 에어, 미드나이트, M2 8코어, GPU 8코어, 256GB, 8GB, 30W, 한글",유동균,5,작업하실 분들은 강추해요!,애플에서 새로운 맥북을 발표했죠 고민을 하다가 쿠팡에서 사전예약이 열려서 구매했어요8월2일 도착 예정이였는데 7월26일에 깜짝선물로 도착했네요 색감저는 미드나이트로 구매했어요 이번에 새로 나온 컬러이기도 하고 유튜브에서 다들 이쁘다고 해서 결정했어요받아보니 정말 이쁘더라고요 색상과 키보드 조합이 잘 맞아요 다만 지문이 정말 잘 묻어서 자주 닦아줘야 해요디자인이번에 완전히 새롭게 바꼈죠 갈수록 얇아지는 디자인에서 맥북 프로와 비슷하게 플랫한 디자인으로 변경됐어요저는 개인적으로 새로운 디자인이 더 마음에 드네요 화면 디자인이 바뀌면서 화면 배젤도 얇아졌어요 다만 노치가 생겨버렸네요 맥북os 특성상 윗 부분은 정보창으로 많이 이용해서 거의 거슬리지 않았어요 밝기도 500니트로 전작보다 100니트 밝아져서 사용할때 더 편리했어요포트전작 맥북 에어는 c타입 포트 2개와 헤드폰 잭이 달려 있었는데 이번에는 맥세이프 단자가 생기면서 충전하면서도 추가로 2개의 c타입 포트를 사용할수 있어요 맥세이프 자력은 생각보다 강해서 사용중 떨어지는 일은 없을거 같아요스피커맥북 스피커는 말 할게 없죠 막귀인 저도 듣자마자 대박이라고 생각했어요 베이스 좋고 소리를 최대로 올려도찢어지는 느낌이 없어요키보드 가위식 키보드에요 전작보다 약간씩 키캡이 커졌고 덕분에 지문인식 버튼도 커져서 인식률이 크게 올라갔어요키감은 노트북 키보드 치고는 매우 훌룡했어요 소리는 조금 나는 편이라 독서실 같은 곳에서는 사용하기 힘들거 같아요성능 이번에 칩셋이 m2로 바꼈어요 웹서핑 하시는 분들은 거의 체감하기 힘들거 같고 영상편집이나 음악 등 하시는 분들은 체감 할수 있을거 같네요 맥북으로 게임은 추천하지 않아요 게임은 윈도우 쪽으로 가는걸 추천해요정리 가격이 40만원이나 올랐지만 그래도 만족할수 있는 노트북이에요 애플답게 디자인이나 마감도 훌룡하고사용하는데 너무나 편했어요 게임 말고 작업 하실분들은 구매하는걸 추천해요이번 상품평은 여기까지에요 구매에 도움이 되셨으면 도움이 돼요 버튼 한번씩만 눌러주세요!
9,"Apple 2022 맥북 에어, 스페이스그레이, M2 8코어, GPU 8코어, 256GB, 8GB, 30W, 한글",김*호,5,환골탈태한 풀체인지 m2에어!,"강점1. 굉장히 빠른 부팅속도(전원 버튼 누른 후 15초 이내 부팅완료)2. 폼팩터의 변경(쐐기형->플랫형)/ 이로 인해 제품의 파손 위험 감소될 것으로 보임3. 맥세이프 단자! C타입이 2개뿐이라, 맥세이프는 매우 유용하며, 전원선도 매우 길고, 이동 중 실수로 전원선에 걸리더라도, 전원선만 노트북에서 분리될 뿐 노트북이 함께 딸려가는 불상사는 없을 듯 함4. 카메라 해상도도 향상됨 720p ->1080p 5. 스크린 화면도 약간 커짐단점1. 맥북 사용 초반이라 저장 용량을 많이 사용하진 않았지만, 향후 1슬롯의 256gb는 문제가 될 여지가 있음2. 기존 모델대비 환골탈태한 수준이나, 그만큼 가격도 매우 상승하였음3. 조금은 걱정되는 배송 당시의 포장상태-> 박스안에 맥북 박스만 들어있는데, 충전재라도 좀 넣어주면 매우 좋을 것 같음"
10,"Apple 2022 맥북 에어, 미드나이트, M2 8코어, GPU 8코어, 256GB, 8GB, 30W, 한글",이*민,5,등록된 헤드라인이 없습니다,"구매계기 같은 그런거 1도 없음. 걍 진짜 너무 이뻐서 샀음... 딱히 필요한 상태도 아님아이폰, 에어팟, 아이패드, 애플워치는 사용하고 있지만 내 인생에 맥OS는 절대 없을거라고 생각했음. 왜냐? 솔직히 남들은 맥북 다 이쁘다고 하는데 개인적으로 맥북은 이쁘다는 생각 1도 안하고 살았음. 거기다가 불편하다는데 이쁘지도 않은 노트북을 굳이 비싼 돈 주고 사야하나? 라는 마인드였음.. 그래서 암만 앱등이 소리 들어도 맥북은 네버 절대 살 일 없을줄?근데 그러다가 우연히 알게 된 맥북 m2 에어.... 플랫한 디자인은 나를 한눈에 반하게 했음. 진짜 노치조차도 너무 이뻐보임.다른 색상은 솔직히 잘 모르겠는데 미드나이트 색상 진짜 너무 잘빠진거임........와... 이건 미쳤다 진짜 사야겠다.. 라는 생각이 저절로 생겼음. 근데 문제가 하나 있었음. 난 불과 1주일 전에 LG그램을 구매했었음.하... 맥북 m2 에어의 존재를 조금만 더 일찍 알았으면 무조건 맥북 샀을텐데...진짜 맨날 후회함. 첨엔 그렇게 이뻐보여서 애지중지했던 그램이 갑자기 미워보임애써 외면해보려 했지만 갈수록 맥북에 대한 내 욕망은 커져만 가고남들이 흔히 말하는 구매해야만 낫는 맥북병에 걸려버림. 그치만.. 거대한 욕망에 비해 내 통장 잔고는 너무 귀엽기만 했음.내 통장이 허락을 해주지 않아 애써 외면 하려했지만 내 꿈속까지 나타나 맥북 좀 제발 구매하라고 유혹하는 팀쿡씨의 제안을 도저히 거절할 수 없어서일어나자마자 편의점에서 소주한병 사와서 들이키고 술 기운인척 주문함.아 물론 22개월 할부 ㅋㅋ 아무리 술 먹었다지만 내 본능이 일시불은 거절함....ㅋㅋㅠ그래놓고 술기운에 주문한거라 어쩔수 없었다며 자기합리화 중통장 너는 맥북 구매를 허락하지 않았지만 카드는 허락해주는구나 음하핫 >(^ㅇ^)<아니 근데 진짜 너무 이쁨구매하니까 맥북병 바로 나음. 내가 이걸 왜 고민했나 싶을 정도로 너무 이쁨.회사에서도 자꾸 생각나서 오후 반차쓰고 집에 달려와서 침대에서 하루종일 이거만 가지고 노는 중ㅋㅋ다른 색상은 쳐다도 안봤음 미드나이트에 푹 빠져서 색상 고민 1초도 안하고 바로 주문함.근데 지문 좀 많이 묻기는 함...^^ 그래도 이뻐서 ㄱㅊ솔직히 평생 윈도우만 써봐서 뭔가 좀 불편하기는 함근데 그렇다고 막 엄청 불편하고 이런건 아니고 그냥 좀 어색한 정도??어차피 노트북으로 하는거라고는 유튜브, 넷플릭스, 쇼핑 말고 없어서 ㄱㅊㄱㅊ물론 그램 사용했어가지고 그램에 비교하면 좀 무거운 느낌은 있기는 한데그램보다 화면이 작아서 오히려 들고 다니기에는 훨 좋고 들고다니기 부담스러운 무게는 전혀 아님아 그리고 맥북에서 글 작성해서 클립보드에 복사만 해도 아이폰에서 바로 복붙되는거 신세계....  당근마켓에 물건 올릴때 개편함이제 홈버튼있는 아이패드 갖다 버리고 에어 사러가야징"
11,"Apple 2022 맥북 에어, 실버, M2 8코어, GPU 8코어, 256GB, 8GB, 30W, 한글",손*희,4,M1 vs M2 비교,"아이맥 아이폰 아이패드 맥북 다 쿠팡에서 구매했는데 ..ㅋㅋ진짜 ㅜㅜ 왜 다른 배송은 깔끔하면서 이 비싼 제품들만 이리 막 굴리시는 건지 의문이네요. 고가 제품들은 주의해주셨음 합니다,, 다행히 문제는 없었지만 기분이 나빠요..둘다 구매해본 일반 사람 입장에서 씁니다.1. 외관: 플랫하게 바뀐 디자인이 너무 이뻐보이더라구요,, 근데 막상 실제로 보니 기대 만큼은 아닙니다. 물론 영롱하고 정말 예쁩니다. 허나 m1 보다 예쁘다는 아닌 것 같아요. M1 대로 M2 대로 둘다 매력있고 예쁜 것이지 뭐가 더 이쁘다는 아니네요. 그래서 단지 디자인 때문에 갈아타시려는 분들은 실물 보고 결정하세요,, 개인차가 있겠지만 오히려 저는 m1 이 더 날렵한 느낌도 들고 맘에 들거든요. 물론 m2에서 새로 나온 컬러를 구매하실 분들은 이야기가 또 달라지겠지만 저는 늘 실버만 구입하는 터라 더더욱 메리트가 없었어요. 디자인 자체로 몇 십 더 주고 살 정도인지는 모르겠다만, m2 자체는 너무 예쁘고  만족해요~ 2. 노치, 무게: 노치는 생각보다 신경 안쓰이고 전작에 비해 디스플레이가 살짝 넓어진게 느껴져서 이부분은 만족스럽습니다. (유일하게 업그레이드 되었다고 체감하는 포인트) 그 외에 스피커 향상, 무게 감소는 솔직히 체감이 안돼요.. 걍 스피커는 둘 다 정말 좋아요. 무게는 프로에 비해서는 가볍지만 엘지 그램에 비해서는 둘다 무겁습니다 ㅋㅋ 에어라는 이름에 맞게 좀 더 가벼워졌으면 하네요!3. 성능: 웹서핑, 문서작업, 영상시청이 전부인 일반 사용자 입장에서는 ,., m1과 m2 성능 차이 1도 안느껴집니다.정리: 일반 사용자 관점 유일하게 개선되었다고 체감한 것은 디스플레이 크기가 약간 더 시원해졌다. 곡선 디자인에서 플랫한 느낌으로 변했다. 이정도입니다,,,, 이정도 차이로 몇 십을 더 태운다는 건 아까운 건 사실이고 가격 상승이 크게 있는 건 정말 아쉬운 점이네요. 다만 디자인은 개인차이기 때문에 m2의 새로운 컬러나 디자인이 취향 저격이시라면 구매할 만 합니다! 단, 정가로 말구요 할인율 높을 때요 ㅋㅋ 저도 카드 할인 14프로 + 쿠폰 10만원 주길래 산 거지 아니었으면 굳이 안샀어요."
12,"Apple 2022 맥북 에어, 스타라이트, M2 8코어, GPU 8코어, 256GB, 8GB, 30W, 한글",맛있구마잉,5,사길 잘했군 에어 M2,"쿠팡 당일 사전예약에 실패해서 취소 물량을, 사전예약 2일 후에 원하는 컬러, 원하는 용량으로 득템했어요. 출시일 다음날 올 것으로 기대했지만, 그렇진 않았고 그래도 예상 도착일 보다는 일찍 도착했습니다. 쿠팡은 뽑기 운이라 했지만 정말 잘 뽑힌거 같아서 다행이였어요. 카드 할인 이벤트까지 해주셔서 저렴한 가격에 득템한것 같아 좋습니다! ㅎㅎㅎㅎ 역시 쿠팡에서 사길 잘했어요.다른곳보다 확실히 후기들 보니 빨리 도착한거 같더라구요 (엄지척!)장점 1. 이전 맥북프로 2014년형 쓰고 있었는데 비교 안될만큼 속도가 빠르네요. 2. 아이패드용 어플도 다운이 잘되서 애플기기 끼리의 호환도가 더 높아졌습니다! 3. 맥북 터치 로그인덕분에 맥북여는것도 더 빨리지고, 비번들 저장된것도 터치아이디로 다 열 수 있어서 너무 편리해 졌어요! 4. 자판이 아주 부드럽습니다. 저는 나비축이런거 잘모르겠지만 소음이 크지않고 부드럽습니다. 그래도 도서관에서는 소리 신경쓰일 수 있을거 같아서 소음 민감하신 분은 키보드스킨 추천드려요!5.충전하고 배터리 엄청 오래가는거 같아요 ㅎㅎㅎㅎ 처음 열고 충전해놓고 2-3일째 쓰는중 입니다. (물론 하루 제 이용량이 그렇게 많지는 않지만 그래도 꽤 오래가는거 같습니다!) 한동안은 충전선 안들고 나가도 될거 같아요! 단점 1. 맥북의 늘 단점 이겠지만…포트가 없어서 추가 연결 포트 구매해야하고, 케이스구매하고 , 키스킨 구매하니 돈이 추가로 마니 드네효 허허 2. M2는 윈도우가 안깔린다고 하죠 ㅎㅎㅎ 뭐 전 안쓰긴하지만 약간의 단점으로 볼 수 있겠습니다. 3. 에어m2 생각보다 가볍진 않습니다~! 투명케이스 까지 끼우니 이전 맥북프로랑 무게가 마니 차이나지 않는것 같아효"
13,"Apple 2022 맥북 에어, 스타라이트, M2 8코어, GPU 8코어, 256GB, 8GB, 30W, 한글",켈시,5,$$,"노트북 뒷면 미세하게 코팅이 덜된 부분이 보이지만 사진에는  안 보임 ,빼고 기타 맘에 듬"
14,"Apple 2022 맥북 에어, 실버, M2 8코어, GPU 8코어, 256GB, 8GB, 30W, 한글",신*경,5,M1? 고민하지마세요 ㅋㅋㅋ,"저는 M1 아이맥도 사용중입니다.M2 도착하자마자 사용해봤지만 느리다? 이런거 못느끼겠어요. 저는 일러스트, 포토샵 주로 사용하고요. M1 고민했지만, M2 구입한 이유는 하나였어요.* M1 가격이 쿠팡에서 100만원 초반.. 심지어 90만원 후반에 구입하신분도 계시더라고요? 이제는 120만원 중반에서 가격이 잘 안내려가고요.그럴바엔 돈을 더 투자해도 새로운 디자인으로 바뀌고, 카메라 성능이나 밝기, 넓은 화면 등등 맥북에어는 앞으로 이 디자인으로 향후 몇년간은 바뀌지 않을테니까요.게다가 8% 카드할인, 10만원 쿠폰이 주어지는 지금 놓칠 수 없었어요ㅎㅎㅎㅎ 146만원에 구입했고요. 깡통 구입 후회 없네요!M2 디자인 너무 마음에 들지만, 금전적으로 고민하시는분들 고민하지마세요 ㅋㅋㅋ 고민은 찰나예요 구입하고 나니 미래의 제가 어떻게든 벌어주겠죠... 결제 후에 오히려 고민안해서 스트레스 없었어요 ㅋㅋㅋ 오히려 M1 샀으면 내년에 새로운 에어 나왔을때 바꿨을지도 모르겠어요. 그래서 M2 추천입니당박스안에 박스로 또 포장되어있었고. 상가 건물(노래방있음)이라 분실 걱정때문에 비밀번호 안내드렸는데 문밖에 그냥 두고 가셔서 심장이 철렁 했네요 ㅋㅋㅋㅋ기스 없는 양품같지만 그래도 테스트 해봐야겠어요!"
15,"Apple 2022 맥북 에어, 미드나이트, M2 8코어, GPU 8코어, 256GB, 8GB, 30W, 한글",밍규규,5,두달 고민하고 풀할부로 지름,깡통 모델을 22 개월 무이자 풀할부로 질렀고 쿠폰먹이고 결제가격 1451940 + ok캐쉬 55000 적립 윈도우만 쓰다가 맥북에어 샀음 산 이유 : 디자인바뀌고 이뻐서...본컴 윈도우에서 영상편집 하다가 암걸릴꺼 같아서 샀다라고 자기합리화 하는중 평생을 윈도우만 써서 그런지 단축키가 너무나 어색함 한글 키보드로 옵션 선택 해서 영문하고 싶었는데 배송오기전까지 땅을치고 후회했으나 ( 취소후 재구매시 쿠폰 적용안되서 ) 아직 자판이 익숙치 않아서 그런가 영문키보드 샀으면 당근행 갔을듯 지금도 사용하는데 어색함 어렵진 않고 익숙치가 않음 매일 단축키랑 사용법 검색해서 알아가는중 자꾸만 한영키로 오른쪽 커멘드를 누름 참고로 블투 마우스 키보드 준비했는데 필요성 1 도 못느낌 터치패드가 넘 잘되어있음 윈도우에선 타자 5-800 타 나오는데 여기선 200 타 나오는듯한 체감팬 돌아가는 소음 없고 오로지 약한 타자소리만 나서 이런 사소한 부분이 만족 다 필요없고 이쁩니다 넷플 유튭 잘돌아갑니다 내기준에선 넘 큰돈이라 두달동안 매일 사야하는 이유를 고민하다가 몸살 걸려서 지름 애플병은 사야 낫습니다
16,"Apple 2022 맥북 에어, 스페이스그레이, M2 8코어, GPU 8코어, 256GB, 8GB, 30W, 한글",카카오라떼,5,맥북은 역시 에어 입니다.,윈도우만 쓰다가 이번에 맥북을 구매했습니다.1. 디자인역시 애플에 디자인 미쳤습니다. 이번에 바뀐 노치 디자인도 이쁘고 스페이스 그래이를 구매했는데 너무 만족합니다. 역시 디자인에 애플입니다.2. SSD기본 모델을 구매했는데 이번에 SSD 문제때문에 고민했지만 딱히 많은 용량이 필요한 작업을 하는편이 아니라 나중에 중고값까지 고민해서 M1대신 이번에 새로나온 M2를 구매했습니다. 3. 성능윈도우 노트북을 사용하다가 맥북을 처음 써보는데 성능 만족합니다. 사실 성능 최대치로 쓸일이 거의 없어서 잘사용하고 있습니다.4. 팬리스 아마 초고에 장점이 팬리스라서 소음이 없습니다. 윈도우 노트북은 조금만 작업하면 팬소음이 올라오는데 팬이 없어서 좋고 팬이 없지만 성능도 계속 유지되고 정말 좋습니다.가볍게 사용하고 팬리스 제품을 찾는다면 무조건 맥북에어를 추천합니다. 너무 만족하고 사용하고 있습니다.
17,"Apple 2022 맥북 에어, 실버, M2 8코어, GPU 8코어, 256GB, 8GB, 35W 듀얼, 한글",Ayeon99,5,등록된 헤드라인이 없습니다,예전부터 오래쓰던 삼성 노트북은 동생이 달라하여 동생에게주고 이김에 애플로 싹 맞출겸 맥북 샀습니다.배송빠른거는 진짜 대박이구요.포장은 조금 아쉽지만 파손이나 문제는 없어서 만족합니다.성능이나 기능은 계속 써봐야 알겠지만 일단은 좋습니다.진짜 아쉽고 조금 화나는건 제가 구매한 다음날 쿠폰뿌리는건 멀까요.. 매번 그러는거 같아서 너무 슬픕니다..이미 오픈하고 사용해서 뭐 다시사기도 그렇고 어쩔수없구만 하고 지나갔지만 다음에는 쿠폰 딱 살때 떴으면 좋겠어용!!아직 맥린이라 뭐가뭔지 하나하나 찾아가며 쓰고있지만 오래된 삼성노트북보다 속도는 너무 맘에듭니다.맥북 에어 m2 256기가는 속도가 512기가보다 좀 느리다 않좋다 이말이 많아서 고민많이했는데 저번에 쓰던게 속도가 어마어마하게느렸어서 안좋은느낌 하나도 안들고 더 좋아욬ㅋㅋ일단 열심히 써보기가 추가 후기 남길거있으면 남길게용!!
18,"Apple 2022 맥북 에어, 스페이스그레이, M2 8코어, GPU 8코어, 256GB, 8GB, 30W, 한글",이*진,5,등록된 헤드라인이 없습니다,"맥북 에어 m2 논란 때문에 솔직히 고민 많이 했습니다.근데 신제품이 더 땡기는 법 아니겠습니까? 4년 우려먹은 폼팩터.. 사면 백빵 후회할 거 같고.. 어차피 에어로 하드하게 돌릴 것도 아니고 유튜브,문서,웹 서핑용이라 기본형으로 구입했습니다. 받아 보니 넘므넘므 잘 샀다는 생각이고 마음에 듭니다 ㅎㅎ 고민은 배송만 늦출 뿐이다!! 병은 사야지 낫는 법입니다~"
19,"Apple 2022 맥북 에어, 미드나이트, M2 8코어, GPU 8코어, 256GB, 16GB, 30W, 한글",루피짱구,5,등록된 헤드라인이 없습니다,약 일주일간 생떼쓰며 남자친구에게 허락받은 노트북..ㅎ재택근무를 하는데 듀얼모니터를 살지 노트북을 할지 고민하다가기존에 아이패드가 있어 듀얼이 된다는 말에포토샵과 쇼핑몰관리에 사용할 용도로 구매했습니다!삼성이랑 고민하다가 그래도 연동 가능한 제품이 낫겠다 싶어 맥북으로 선택 했구용 색상은 고민 없이 믿낫으로 선택했습니다.너무너무 이쁘구 무광이라 더 고급스러워요.이거 충전기 너무 신기하네요. 자석인가?무엇보다 우리 주인님께서 마음에 드신 듯? 열자마자 앉으시네요노트북 이렇게 안작은데 왜이렇게 작아보이지..ㅎ
20,"Apple 2022 맥북 에어, 미드나이트, M2 8코어, GPU 8코어, 256GB, 8GB, 30W, 한글",정나진,5,등록된 헤드라인이 없습니다,"사전예약으로 8월1일 예정이였으나, 27일 배송되었네요. 쿠팡 감사합니다. 역시 애플 제품은 쿠팡이 탑이네요. 카드할인 까지해서 공홈보다 더 좋은 가격으로 구매 하였습니다.워낙 많은 유튜버 들이나 리뷰어 들이 리뷰한 제품이니, 전문적인 리뷰보다는 애플 제품을 좋아 하는 한명의 일반 이용자로써 리뷰합니다.2015 맥북프로에서 넘어 온 저는 신세계네요. 역시 이래서 m1 m1 하나보네요. 팬리스 구조 매력적인 디자인 머하나 단점을 찾을 수가 없네요. 256기준 ssd 이슈니, 발열이니 가격이 비싸니 다 맞는 말이지만, 개인적으로는 기본형만 해도 대만족입니다.이위에 한단계로 더 올려 버리면 200가까이 가기에 그러면 정말 14인치 프로가 가까워 지는 가격이라169 카드할인 155정도의 가격의 깡통이야 말로 에어의 메리트가 있다고 생각하며,개인적으로 150정도에 아이패드 프로 12.9인치 5세대 제품도 사전예약한 사람으로 맥북이 더 가성비 있다고 생각드네요.색상, 성능 ,스피커, 새로운 디자인 머하나 맘에 안드는 점이 없네요. 대만족입니다. 아이패드 와의 사이드카 앤 센터스테이지는 참 기술의 한계가 어딘지 대단쓰3일정도 사용추가후기 : 역시 맥북 깡통 새로운색상 미드나이트로 구매선택한 제가 대만족하고 있습니다.저또한 새로운 맥북에어 m2 구매전 모유튜버의 256깡통은 사지말라니 m1을 사라니 어그로성 영상에 잠시 흔들려 취소하고 512로 가야하나하고 생각했으나, 주관적인 생각으로 그래도 지금 시점에 못생긴 m1 구형 폼펙터 제품을사니 30더주고 신형을 가지란 생각과 에어는 깡통이 진리라는 생각으로 큰고민 없이 카트할인으로 155. 에어캉통을 산 제가 좋은선택이라고 생각합니다. 512로 가니 램을 올리니 gpu코어 10으로 가니 그럴빠에는 저라면 프로14갑니다. 개인적인 의견이니 참조하시고,맥북에어는 깡통이다. 추가로 패드도 프로팔고 에어깡통으로감"
21,"Apple 2022 맥북 에어, 스타라이트, M2 8코어, GPU 8코어, 256GB, 8GB, 30W, 한글",오*하,5,등록된 헤드라인이 없습니다,"ㅎㅎ말해 뭐해 너무 좋아요~요즘 노트북들 다 비싼데 이정도면 가성비 괜찮은 거 같네요디자인 일단 너무 이쁘고, 성능 짱짱하고속도 빠르고 ㅎㅎ 너무 좋아요음질도 진짜 좋아서 맨날 노래 틀어놔요단점은 usb 포트 없고 전부 c타입이라 케이블을 따로 구매해야 한다는 것 정도네요전에 쓰던 맥북이 실버라 이번엔 스타라이트 샀는데스타라이트도 이쁜데 역시 실버를 살걸 그랬나 싶네요아무튼 너무 만족스러워요"
22,"Apple 2022 맥북 에어, 스타라이트, M2 8코어, GPU 8코어, 512GB, 16GB, 30W, 한글",이삼냥,5,좋아요 그냥,맥북프로가 더 싸게 할인하길래 고민 많이 했네요전문가가 아니라 그냥 에어로 맘 굳히고 이제 컬러 고민..실버 주문해서 거의 집 도착하기 직전에 스타라이트로 변경해서 다시 구매해서 받았아요진짜 너모 잘한선택!!플렉시북도 있지만 역시 애플이네요..아이패드에 있던 어플들 저장내용 그대로 불러와서 다이어리며매출정리하고 영상용으로 일단 쓰고 있어요!영상편집 이런것도 도전해보고 싶은 욕구가 막 생깁니다!!올만에 떠난 해외여행에도 가져가서 영상보며 푹 쉬다 왔어요~
23,"Apple 2022 맥북 에어, 스타라이트, M2 8코어, GPU 10코어, 512GB, 8GB, 35W 듀얼, 한글",허*원,5,등록된 헤드라인이 없습니다,디자인 공부하는 사람입니다M1프로는 너무 비싸고 해서 M1 고급형으로 샀습니다 스타라이트 조녜! 그리고 원래 도착일보다 일주일이나 빨리 왔어요!!
24,"Apple 2022 맥북 에어, 스페이스그레이, M2 8코어, GPU 8코어, 256GB, 8GB, 30W, 한글",솔직한김씨,5,맥북은 감성? 이제는 성능이죠,"내돈내산후기.. 애플 최고... 애플제품 아이패드 에어팟 아이폰 애플워치 모두 사용중인데 맥북이 없기도하고, 필요해서 구매했습니다. 배송 정말빠르고 안전하게 도착했습니다. 외부쿠팡박스 > 내부 별도 박스 > 애플박스 및 뽁뽁이 > 제품 완벽하게 왔습니다. 저는 단순하게 오피스 엑셀 파포 워드 사용 및 회사 회의 자료로 사용이 많고, 간혹 쉬는 타임으로 영화, 게임을 즐깁니다. 우선 영화는 현존하는 노트북중에 가장 화질좋고 사운드 최고입니다!! 게임도 롤이 돌아가는지 많이 궁금하시죠?? 정말 잘돌아가고 뭐 불편한거 하나도없어요.. 유튜브에 뭐 불편하다고 하는데 뭐가 불편한건지 모르곘어요 ㅋㅋㅋ(그럴거면 그냥 데스크탑을 쓰지..왜 노트북을 쓰면서 불편하다고 하는지...ㄷㄷ) 색상도 좋고 뭐 성능도 너무 좋습니다 강츄드립니다.!"
25,"Apple 2022 맥북 에어, 실버, M2 8코어, GPU 8코어, 512GB, 8GB, 30W, 한글",와대박,5,포장.. 너무 실망스러웠지만 상품은 괜찮네요,백만원이 훌쩍넘는 맥북을 샀는데 박스에 테이프가 한번만 붙여져 있었고 그 테이프가 때어져서 그냥 열리는 상태더라구요..? 안에 내용물 누가 훔쳐갔나 설마 뉴스에서만 보던일이 나에게 생긴건가 머리속에 오만가지 생각이 다 들었어요박스 열어보니 안에 맥북은 잘 들어 있었고.. 가슴이 철렁하는 순간이었습니다 포장 제발 잘 해주세요ㅠㅠㅠ실버색상 샀는데 영롱하고 카드할인에 쿠폰까지 먹여서 나름 합리적인 가격으로 구매 했습니다 사실 프로사고싶었는데 디자인때문에 샀는데 괜찮네요 만족스럽습니다
26,"Apple 2022 맥북 에어, 미드나이트, M2 8코어, GPU 8코어, 256GB, 8GB, 30W, 한글",김*상,5,m2맥에어 기본형. 들고다니면서 쓸만함.,"m2 맥에어 기본형 미드나잇(청바지색,,,) 켜서 바로 OS업데이트. 알고 샀지만 화면이 작은것 느낌, 글자크기 키우니 볼만함. 노안있는 사람들은 화면 더 큰 노트북 알아보는것 도 좋을듯. 무게는 가벼우면서도 묵직함(???). 기본으로 들어있는 충전기 선이 길어서 팀쿡에게 고마워 하는 중."
27,"Apple 2022 맥북 에어, 스페이스그레이, M2 8코어, GPU 8코어, 256GB, 8GB, 30W, 한글",서*훈,5,선물로 굿!,"성능을 다 쓸 수는 없겠지만, 길게 보고 샀어요.아내 생일 선물로 산 것이라서 제가 만질 일이 많지는 않을 것 같네요.받고 엄청 좋아 하는 것을 보니 덩달아 기분이 좋아지네요.맥북이 저도 처음이라서 그런지 사용 환경이 좀 어색하다고 하는데,빨리 익숙해지길 바래야죠~^^"
28,"Apple 2022 맥북 에어, 스페이스그레이, M2 8코어, GPU 8코어, 256GB, 8GB, 30W, 한글",신*주,5,스페이스 그레이 너무 예쁘다.,"윈도우 쓰다가 드디어 맥북으로 넘어왔어요. 슬림하고 가볍고 지문까지 겸한 맥북 m2 진짜 예뻐요! 여러모로 마음에 들고, 잘 쓸 수 있을 거 같네요. 실버랑 스그중에 색상 고민했는데 스그 사기를 잘했네요. 배송은 아주 빨리 왔답니다 :)"
29,"Apple 2022 맥북 에어, 실버, M2 8코어, GPU 8코어, 256GB, 8GB, 30W, 한글",김*경,5,등록된 헤드라인이 없습니다,"역시 로켓와우 답게 배송 하루만에 왔구여 ♡쿠팡에서 주시는 쿠폰 먹여서 할인받아서 산거 개꿀!!!10년 넘게 사용한 맥북프로가 고장나서 구매하게 되었음미당프로보다 훠어어얼씬 가볍고, 터치 잠금해제 짱 맘에듬미다 (♡)쇼핑몰 운영&관리 하기에 딱입니동!!그냥 보고만 있어도 기분째지니동ㅋ.ㅋ"
30,"Apple 2022 맥북 에어, 스페이스그레이, M2 8코어, GPU 8코어, 256GB, 8GB, 30W, 한글",이*정,5,성능과 디자인 모두 잡은 맥북에어,가전제품 구매할때 다운그레이드란 없죠M1이 가성비가 좋다고 하지만 그것 또한 가격이 경쟁력이 있을때 이야기고 이미 120만원대쿠팡 할인 받아서 나름 경쟁력있는 가격으로 구매했습니다.이전에 쓰던 실버보다 이번에는 조금더 다운된 색상인스페이스 그레이~~~로 구매 했는데~ 아주 찰떡입니다.색이 너무 이뻐요~M1보다 50그람 정도 더 가볍고 가격은 쿠폰쓰면 10만원 내외로 차이가 별로 없어요~~꼭 M2로 구매하세요 >_< 적극 추천합니다
31,"Apple 2022 맥북 에어, 스페이스그레이, M2 8코어, GPU 10코어, 512GB, 8GB, 35W 듀얼, 한글",엄*현,4,등록된 헤드라인이 없습니다,뭐....제품에 대한건 워낙 잘 나온 물건이라고 생각하니 일단 제껴두고....가격을 너무 저렴하게 샀네요. 애플 공홈 가격이 209만원짜리를 할인 쿠폰 등등 적용해서 170만원이 안되는 금액에 구매했네요. 음......딱 원하는 색상은 아니었지만 가격이 저렴해서 겁나 만족합니다.
32,"Apple 2022 맥북 에어, 스타라이트, M2 8코어, GPU 8코어, 256GB, 8GB, 30W, 한글",Touibn,5,등록된 헤드라인이 없습니다,사전 예약하고 1차로 받았습니다. 이틀 지연 보상으로 포인트 적립 받았습니다 ~ 물건은 이상 없이 잘 받았고 작동도 잘 됩니다.스타라이트 색상이 예전 골드 보다는 못 하지만 은은하게 이쁘고 실물이 더 이쁘네요. 엠2 칩이라 성능이 확실히 부드럽고 많이 개선된 느낌입니다.헤비 유저가 아니라 간편하고 가볍게 들고 다니기 너무 좋아요.그냥 너무 좋음 기분이 좋음
33,"Apple 2022 맥북 에어, 스페이스그레이, M2 8코어, GPU 8코어, 256GB, 8GB, 30W, 한글",테이스티쿱,5,사전예약 구매는 역시 쿠팡,이번 추석때 동생 생일 선물용으로 사전예약해서 구매했는데저는 미드나이트나 스타라이트가 이쁜거 같은데동생은 스페이스 그레이가 좋다네요. 그럴거면 차라리 프로13가 낫지않나 싶은데 이게 무게차이가 어마어마한거 같아서휴대용으로는 에어가 짱인거 같아요. 가격적인면에서 큰 메리트가 있었던건 아니지만 그래도 빠르게 배송받을 수 있어서 좋아요. 동생 주고 얼른 개봉해보고 싶네요.
34,"Apple 2022 맥북 에어, 미드나이트, M2 8코어, GPU 8코어, 256GB, 8GB, 30W, 한글",노*한,5,가볍고 세련된 노트북,맥북에어 옛날 버전을 6년 쓰다가 바꿨는데 정말 많이 다른게 느껴지네요 ㅎㅎ 색도 미드나이트 컬러 이쁘다는 말만 듣고 샀는데 실물이 훨씬 괜찮고 지문은 좀 묻긴하지만 얘는 닦으면 되니깐 신경안쓰고요 성능은 좀더 써봐야겠지만 아직까진 매우 만족입니다!
35,"Apple 2022 맥북 에어, 스타라이트, M2 8코어, GPU 10코어, 256GB, 16GB, 30W, 한글",신*도,5,"디자인, 발열, 배터리 굿",m1맥북과 비교해서 디자인이 조금 예뻐졌고 m1보다 프로그램 실행시 뭔가 좀 빠릿해졌단 느낌이 들긴합니다. 화면도 인치수가 약간 늘어난것이 체감이 됩니다.  그외 사운드는 크게 체감하기 어렵습니다. 가성비를 생각하시면 m1을 사시면 되고 디자인이나 마그네틱 충전등 그외 다른 부분에도 만족감을 얻길 원하시면 m2구입하시면 될 것 같습니다.
36,"Apple 2022 맥북 에어, 스타라이트, M2 8코어, GPU 8코어, 256GB, 8GB, 30W, 한글",이*민,5,이쁘고 좋음,맥북 m1 프로 16인치가 메인임. 프로 사기 전엔 m1 에어 썼는데 프로 쓰면서 안쓰게되어 또 팔고 났더니 이동시 프로는 들고다니기가.... 그것만 들고다니면 괜찮지만 책이나 기타 짐이 늘어나면 ㄹㅇ 부담스러움.결국 서브용으로 에어 다시 장만함ㅋㅋㅋ 프로를 써보니 에어는확실히 가볍고(이 무게가 가볍게 느껴지다니) 작고 소즁한 매력이 있음. 전체 플랫한 디자인도 좋음. 그 전 모델 디쟌이 에어의 정체성이니 뭐니 하는데 1도 모르겠고 그냥 바뀐게 좋음. 깻잎통조림 디쟌 취향이라ㅋ 다만 베젤은 더 줄었으면 좋았을텐데 한번에 안줄인건 담에 사게 만들려는 큰 생각인거 너무 알겠다 ㅋㅋㅋㅋ 스타라이트 컬러 조녜..
37,"Apple 2022 맥북 에어, 미드나이트, M2 8코어, GPU 10코어, 512GB, 16GB, 35W 듀얼, 한글",이*현,5,프로 아니여도 괜찮은거 같네요,전 웹 백엔드 개발자인데 그래픽 작업 돌릴 일없다보니발열은 딱히 심하진 않았습니다물론 데탑은 따로있고 휴대성에 제일 크게 중점을 두고 선택한것 입니다. 참고하시길
38,"Apple 2022 맥북 에어, 미드나이트, M2 8코어, GPU 8코어, 256GB, 8GB, 30W, 한글",무심한빵집,5,등록된 헤드라인이 없습니다,역시 애플 제품은 쿠팡에서!!! 애플워치 아이폰 아이패드 그리고 맥북까지 모두 쿠팡에서 구매했네요. 다들 품질도 좋고 하자 없고 구매할 때마다 항상 만족스럽습니다:)리뷰들 보고 나도 혹시…? 했는데 역시 예상 날짜보다 일찍 받아서 좋았고요.그리고 미드나이트 색상 너무 예쁘니 손자국 같은 거 자주 닦아주거나 크게 신경 안 쓰실 분들이라면 꼭 미드나이트로 사세요ㅠㅠ 이건 진짜 실물로 봐야 합니다ㅜㅜ그램 쓰다가 맥북으로 처음 갈아탔는데 그램이 크기는 더 큰데 소재가 가벼워서 가볍게 느껴졌다면 맥북은 사이즈는 작은데 소재도 무겁게 느껴지는 소재라 무게감이 더 있다고 느껴지는 거 같아요. 그부분이 아쉽지만 예쁘니까 다 했습니다~아 그리고 배터리 진짜 오래 가네요:)
39,"Apple 2022 맥북 에어, 스페이스그레이, M2 8코어, GPU 8코어, 256GB, 8GB, 30W, 한글",양*별,5,사세요 여러분.,"고등학생 1학년 여학생 입니다.고등학교에 들어가서 인강,자격증 준비로 노트북이 필요할 거 같다고 생각하여 구매 했습니다7월22일애 구매해서 8월2일에 도착예정 이였는데좀 더 일찍 7월28일에 도착했네요 ㅎㅎ스피커 소리도 정말 좋구여 화면도 딱 적당하니 좋아요"
40,"Apple 2022 맥북 에어, 미드나이트, M2 8코어, GPU 8코어, 256GB, 8GB, 30W, 한글",조*진,5,영롱하고 보고만 있어도 웃음이 납니다.,"맥북은 처음 사용해서 아직 배울 것 투성이지만기분 좋게 공부할 수 있을 것 같아요m1때부터 새로나온 m2가 될 때까지 2년동안 위시리스트에 있다가 드디어 구매를 했는데 그래서 더 좋은 건지는 모르겠지만 후회는 없습니다.깔끔하고 예쁘고 가벼워요, 집에서 웹서핑이나 글이나 끄적거리는 저에게 딱 좋은 기본 사양입니다.역시나 고민은 소비를 늦출 뿐이에요 (๑•᎑< ๑)"
41,"Apple 2022 맥북 에어, 스타라이트, M2 8코어, GPU 8코어, 256GB, 8GB, 30W, 한글",이*희,5,좋아용 이뻐요,ㅎㅎㅎ배송 늦게 잡혀서 매장가서 살까 고민하다가 다른분 리뷰에 빨리 왔단 얘기가 있어서 취소 안하고 기다렸더니3일인가? 만에 왔어요 색상 매장에서 본거였는데대존예 !!!  완전 예쁩니다 그냥 사무용으로 쓸꺼라 가격대 좋은걸로 산건데 256기가 작을까봐 살짝 걱정되긴 합니다 그리거 쿠팡에서 할부 젤 길게 하고;; ㅎㅎㅎ할인도 받아서 아주 좋습니다용
42,"Apple 2022 맥북 에어, 스페이스그레이, M2 8코어, GPU 8코어, 256GB, 8GB, 30W, 한글",조*주,5,굿,다른 리뷰 보면 반품상품 왔다 뭐다 걱정 많이 했는데다행히 새상품와서 좋았습니다 기대이상이네요
43,"Apple 2022 맥북 에어, 미드나이트, M2 8코어, GPU 8코어, 256GB, 8GB, 30W, 한글",조*,5,가장 완벽한 노트북,맥북이 안되는게 많다는 편견은 끝났다고 봅니다.가볍고 성능 좋고 모든 작업 가능합니다.
44,"Apple 2022 맥북 에어, 스페이스그레이, M2 8코어, GPU 8코어, 256GB, 8GB, 30W, 한글",구*준,5,"생각보다 무겁지만, 빠르고 예쁘다.",고사양 작업을 해 보진 않아서 전작인 M1 맥북 에어와 성능 비교는 어렵습니다. 다만 각진 디자인이 더 제 마음에 듭니다.
45,"Apple 2022 맥북 에어, 스타라이트, M2 8코어, GPU 8코어, 256GB, 16GB, 30W, 한글",이*하,5,내 인생 밝혀줄것같은 영롱보스,매장가서 봤을때는 스페이스 그레이가 예뻤는데 밝은색 사보고 싶어서 한번 사봤는데 너무 영롱한 라이트 로즈골드예요 맥북 처음인데  익숙해지려면 시간이 걸리겠지만 터치감 장난 아니네요 빠르고 소린 쫌 덜 풍부한건 맞는것 같아요 버즈 끼고 들음 더 낫습니다 너무 예뻐요
46,"Apple 2022 맥북 에어, 미드나이트, M2 8코어, GPU 8코어, 256GB, 8GB, 30W, 한글",전*현,5,기대한 만큼이에요.,쿠팡에서 주문하는 이유가 빠른 배송인데 잘 배송왔어요맥북 성능은 다들 아실테고..미드나이트 샀는데 생각보다 멀리서보면 까매요실버랑 비교해보면 멀리서볼때 애플 로고는 잘 안보이네요맥북프로랑 비교하면 확실히 가벼워요.
47,"Apple 2022 맥북 에어, 실버, M2 8코어, GPU 10코어, 512GB, 16GB, 35W 듀얼, 한글",윤*선,5,예쁘긴 하네요..,확실히 화면도 전작보다 넓은게 체감되고요. 실버 진짜 예쁩니다
48,"Apple 2022 맥북 에어, 미드나이트, M2 8코어, GPU 8코어, 256GB, 8GB, 30W, 한글",김*식,5,비록 전작에 비해 가격은 다소 상승했지만 역시나 좋다,"더 좋아진 디스플레이, 맥세이프 충전 적용으로 사실상 하나 늘어난 usb-c 단자.. 추가된 색상.. 이것만으로도 m2의 가격 상승분은 이해된다.."
49,"Apple 2022 맥북 에어, 미드나이트, M2 8코어, GPU 8코어, 256GB, 8GB, 35W 듀얼, 한글",임*환,5,게임을 안한다면 최고의 선택,"조작감,서핑,유튜브 그리고 음질까지 120만원에 느낄 수 없는 성능임"
50,"Apple 2022 맥북 에어, 미드나이트, M2 8코어, GPU 8코어, 256GB, 8GB, 30W, 한글",문*기,5,미드나이트!!!,7.20일에 1차 예약구매로 받았습니다 지문이 조금 묻긴하지만 정말 예뻐요~~스페이스 그레이에 약간 블루느낌도 납니다행복합니다 ㅎㅎ
51,"Apple 2022 맥북 에어, 미드나이트, M2 8코어, GPU 8코어, 512GB, 8GB, 30W, 한글",hi1211,5,등록된 헤드라인이 없습니다,처음으로 맥북을 구입하는 분들이 알아야 하는 거!앱 생태계가 정말 다릅니다.윈도우즈와도 정말 다릅니다.근데 정말 가볍습니다.라인이 정말 잘 빠졌습니다.차은우를 옆에 두는 느낌?한소희를 옆에 두는 느낌?불편함이 없지 않지만정말 좋다 입니다
52,"Apple 2022 맥북 에어, 미드나이트, M2 8코어, GPU 10코어, 256GB, 16GB, 30W, 한글",김*남,5,등록된 헤드라인이 없습니다,미드나잇 컬러 미쳤네요 너무 예뻐요 근데 지문 묻는 건 어쩔 수 없네요 하지만 독특한 컬러로 산뜻해 보여서 좋아요
53,"Apple 2022 맥북 에어, 스페이스그레이, M2 8코어, GPU 8코어, 256GB, 8GB, 30W, 한글",노*영,5,가성비보다는 가심비,m1에어 16기가랑 고민 많이했습니다.. 가성비는 좋지 않지만 외관 바뀐게 만족감이 크네요 ssd이슈도 기본 사용용도로는 충분할거 같습니다.
54,"Apple 2022 맥북 에어, 스페이스그레이, M2 8코어, GPU 8코어, 512GB, 16GB, 30W, 한글",김*화,5,CTO모델 구입했는데 성능 미쳤다!!,기본형 맥북은 사용하는데 많이 불편할 거 같아 비싸지만 CTO모델을 구매했습니다비싼 만큼 성능도 잘 나와주는 것 같아 진짜 진심으로 만족합니다
55,"Apple 2022 맥북 에어, 실버, M2 8코어, GPU 8코어, 256GB, 8GB, 30W, 한글",한*훈,5,들고다녀야한다? 고민하지말고 사면됩니다,게임은 널린게 pc방 그리고 데스크탑이있습니다휴대용은 그냥 이거 사면됩니다
56,"Apple 2022 맥북 에어, 실버, M2 8코어, GPU 8코어, 256GB, 8GB, 30W, 한글",김*승,5,단언컨대 최고의 걸작입니다.,맥북 프로 사용하다가 에어 처음 써보는데 너무 가볍고 너무 예쁘고 좋습니다. 프로 m2나올때까지 쓰려고했긴한데 무거운 작업들만 안하면 에어로 쭉 쓰고싶어요ㅠㅠㅋㅋ 진짜 에어로 모든 작업 가능하신 분들 너무 부럽습니다..! 영상 툴을 돌려보지는 않았지만 프리미어프로정도는 잘 돌아가지않을까 싶긴해요!
57,"Apple 2022 맥북 에어, 스페이스그레이, M2 8코어, GPU 8코어, 256GB, 8GB, 30W, 한글",이*주,5,품질좋아요~,가볍고 빠르고 사무용 자소서 활용도가 높아요~~
58,"Apple 2022 맥북 에어, 스타라이트, M2 8코어, GPU 8코어, 256GB, 8GB, 30W, 한글",이*석,5,고민은 배송만 늦출뿐...,m1 / m2 맥북에어 둘다 쓰는데요. 둘다 좋아요. 물론 m2가 최신형이라 좀더 좋습니다 ㅋㅋ
59,"Apple 2022 맥북 에어, 스타라이트, M2 8코어, GPU 8코어, 256GB, 8GB, 30W, 한글",박*후,5,스타라이트 이쁨,회사 업무용으로 구입. 실버랑 스타라이트 고민하다 스타라이트 결정.너무 먼족함.실버 샀으면 후회할뻔
60,"Apple 2022 맥북 에어, 미드나이트, M2 8코어, GPU 8코어, 256GB, 8GB, 30W, 한글",이혜은,5,"대체불가한 노트북, 맥북에어",m2 맥북에어! 말이 필요있나요? 가격이 좀 올라서 속상하긴 한데 대체 불가한 제품인거 아시죠.생산성 높은 활동을 하시려면 꼭 필요한 맥북. 할인 많이 할때 꼭 구매하세요~
61,"Apple 2022 맥북 에어, 미드나이트, M2 8코어, GPU 8코어, 256GB, 8GB, 30W, 한글",우*석,5,좋아요,"디자이 좋고, 업무에 사용하기 좋은 노트북입니다."
62,"Apple 2022 맥북 에어, 실버, M2 8코어, GPU 8코어, 256GB, 8GB, 30W, 한글",류*민,5,등록된 헤드라인이 없습니다,맥북 노트북은 처음인데 초기에 좀 불편한것만 빼면 괜찮네용솔직히 쓰기 많이 불편하다는거 감안하고 산거라 그런지생각보다 불편하지는 않아요그리고 무엇보다 디자인 죽이네요 개이쁨 ㅎㅎ맥북에 대해서 좀 더 배우고 유용하게 써보려고 하겠습니당
63,"Apple 2022 맥북 에어, 스페이스그레이, M2 8코어, GPU 8코어, 256GB, 8GB, 30W, 한글",변*규,5,m2성능 안좋다고 머라머라하던데 디자인만 보고도 지림,또한 성능도 엄청 좋아요 윈도우만 평생 사용하다가 처음으로 써보는데 요즘엔 유튜브강의들이 워낙 잘올라와 있어서  금방 적응 가능합니다.
64,"Apple 2022 맥북 에어, 미드나이트, M2 8코어, GPU 8코어, 256GB, 8GB, 30W, 한글",주*일,5,등록된 헤드라인이 없습니다,업무용으로 구매했는데 상품 포장상태가 아주 좋네요. 맥북종이박스도 튼튼하고 좋았어요~질 돌아갑니다~
65,"Apple 2022 맥북 에어, 스페이스그레이, M2 8코어, GPU 8코어, 256GB, 8GB, 30W, 한글",구*경,5,열심히 익히고 있어요,스페이스 그레이 아주 맘에 들어요기능도 좋은데 다 활용을 하려나 열공하고 있답니다아이폰 워치 맥북 연동 ㅋㅋㅋ
66,"Apple 2022 맥북 에어, 미드나이트, M2 8코어, GPU 10코어, 512GB, 8GB, 35W 듀얼, 한글",김*성,5,등록된 헤드라인이 없습니다,맥북은 처음 사용해 봅니다. 사용에 익숙하려면 좀 더 써봐야 될 것 같습니다. 프로그램 실행이나 웹 브라우져 사용에는 반응이 빠릅니다. 나름 만족하고 있습니다. 현재는 위도우 PC 대비 제약도 있고 하지만 좀 더 익숙해 지면 편하고 빠른 노트북이 될 것 같습니다. 겉 모습은 말 할 필요도 없네요. 넘 예쁘고 좋습니다. 화면 크기는 13인치지만 14인치 노트묵 크기와 비슷한 체감이 오네요...
67,"Apple 2022 맥북 에어, 스페이스그레이, M2 8코어, GPU 8코어, 256GB, 8GB, 30W, 한글",두냥,5,등록된 헤드라인이 없습니다,맥북으로 게임 돌리면 안되는 건 다들 아실테고 영상작업하는데 잘됩니다 다만 애플실리콘 기반이라 가상마신으로 윈도우 까는 게 어렵네요
68,"Apple 2022 맥북 에어, 미드나이트, M2 8코어, GPU 8코어, 256GB, 8GB, 30W, 영문",황*영,5,대만족,"공식홈에서는 3주 정도 기다려야 하는 영문 키보드 제품쿠팡에서 주문 12시간 만에 받아보았습니다. 초록색 완충제 빵빵하게 넣어져 있어서 안심이고요. 8월 제조 따끈따끈하고, shipping될 때 노란 박스까지 그대로 왔습니다. 맥북은 쿠팡에서 사면 좋아요. 빠른 배송 + 한글 키보드의 경우 카드 할인율 높음 + 22개월 무이자 할부 혜택까지. 강추입니다!!!"
69,"Apple 2022 맥북 에어, 미드나이트, M2 8코어, GPU 8코어, 512GB, 16GB, 30W, 한글",김*성,5,발열 없고 가지고 다니며 웹서핑 등 간단 작업하기 굿,램 16SSD 512는 진리가격이 조금 비싸긴 하지만오래 쓰려면 이정도 투자는 해야된다고 생각
70,"Apple 2022 맥북 에어, 실버, M2 8코어, GPU 8코어, 256GB, 8GB, 30W, 한글",안*서,3,등록된 헤드라인이 없습니다,오늘도착해서기본설정하는데….이게뭐지중고인가?
71,"Apple 2022 맥북 에어, 미드나이트, M2 8코어, GPU 8코어, 256GB, 8GB, 30W, 한글",채*완,5,등록된 헤드라인이 없습니다,스펙이나 이런거 보다 그냥 쓸 노트북이 필요해서 샀어요 계속 맥만 쓰다보니 좀 가볍게 에어로 골랐어요 잘 쓸게요~
72,"Apple 2022 맥북 에어, 실버, M2 8코어, GPU 8코어, 256GB, 8GB, 30W, 한글",H*N,5,등록된 헤드라인이 없습니다,"윈도우 사용자 맥 시스템이 적응이 안될까봐 고민 많이 하다가 결국 샀어요. 사용해보고 든 생각, 더 일찍 살걸… 너무 예쁘고 가볍고 시스템이 생각보다 편해서 너무 잘 산 것 같습니다. 전문적인 작업 안해서 충분히 쓸만합니다. 적극추천중."
73,"Apple 2022 맥북 에어, 실버, M2 8코어, GPU 8코어, 256GB, 8GB, 30W, 한글",김*완,5,가격은 부담스럽지만 성능은 우수,가격은 부담스럽지만 디자인과 성능만큼은 매우 우수하네요
74,"Apple 2022 맥북 에어, 미드나이트, M2 8코어, GPU 8코어, 256GB, 8GB, 30W, 한글",한*희,5,최고입니다,그동안에 실버를 많이 애용해서 실버랑 고민을 정말 많이 했지만 어두울때 블랙 밝을때 네이비 어쩔땐 또 스그 색상도 보이고.. 키보드랑 일치되는 색감이 깔끔 덩어리 그자체.. 입니다
75,"Apple 2022 맥북 에어, 미드나이트, M2 8코어, GPU 8코어, 256GB, 8GB, 67W, 한글",이*희,5,일단 사면 후회는 안 함,"큰맘 먹고 처음 사본 맥북인데, 극강의 디테일에 날마다 놀라는 중입니다. 편하고 빠르고 여러모로 투자한 보람있는 랩탑."
76,"Apple 2022 맥북 에어, 스타라이트, M2 8코어, GPU 8코어, 512GB, 16GB, 30W, 한글",김*석,4,등록된 헤드라인이 없습니다,마우스가 없다usb 꼽는데가 없다.랜선 꼽는데가 없다hdmi 꼽는데가 없다없는거 빼면 다 있음
77,"Apple 2022 맥북 에어, 미드나이트, M2 8코어, GPU 8코어, 256GB, 8GB, 30W, 한글",오*진,5,등록된 헤드라인이 없습니다,"미드나이트 그냥 영롱함의 끝 ㅠ원래 스페이스 그레이 맥북 2019 가지고 있었는데고장나서 이번에 미드나이트 나온거 보고바로 질렀슴니다 ,, 결과는 대만족 영롱영롱꼭 사새요 ...다만 포장이 조금 허술(?)해욤ㅠ좀만 더 신경써주길 ㅜㅜ"
78,"Apple 2022 맥북 에어, 실버, M2 8코어, GPU 10코어, 512GB, 8GB, 35W 듀얼, 한글",두룽,5,실버 대만족!!,전작보다 가격이 꽤 올라서 고민 많이했는데 사전예약 할인 받아서 부담없이 구매했어요. (16만원 넘게 할인받음)다들 미드나이트 스타라이트 살거같아서 실버로 선택했는데 언박싱 하자마자 맥북병 완치ㅎㅎ 역시 실버가 무난근본같아요!
79,"Apple 2022 맥북 에어, 실버, M2 8코어, GPU 8코어, 256GB, 8GB, 30W, 한글",다힘,5,늦은 후기네요,작년 아이폰을 시작으로 애플 생태계를 완성 시켰네요.역시 애플은 연동성이 최고네요.윈도우만 쓰던 사람이라 걱정을 많이 했는데 아이폰과 아이패드에 적응이 되어서 인지 금방 적응 하는듯 합니다.
80,"Apple 2022 맥북 에어, 스페이스그레이, M2 8코어, GPU 8코어, 256GB, 8GB, 30W, 한글",쿠팡실구매자,5,맥북 첨 써보는데,나름괜찮아요맥북 첨쓰는데맘에들어요.이뿌고색상도 좋고정말 얇고근데생각보다는 무거워요이정돈 어쩔수없는거겠지요맘에들어요 감사합니다 잘쓸게요 잘받았습니다 빠른배송 감사합니다
81,"Apple 2022 맥북 에어, 스타라이트, M2 8코어, GPU 8코어, 256GB, 8GB, 30W, 한글",호우랑,5,스타라이트 너무 예쁨!,에어 후기에 스타라이트는 많이 없어서 애플 매장가서 실물보고 구매했는데 진심 후회 없을 색입니다~_~
82,"Apple 2022 맥북 에어, 미드나이트, M2 8코어, GPU 8코어, 256GB, 8GB, 30W, 한글",조*우,5,미드나이트 색 잘나왔네요,색은 예쁜데 손자국 생각 보다 더 많이 남아요ㅋㅋㅋ 가볍게 사용 하실거면 깡통으로 추천 합니다 SSD 이슈 있어도 영상 편집 및 대용량 파일 자주 옮기는거 아니면 깡통 추천 합니다 용량 보단 램 올리는거 추천!!
83,"Apple 2022 맥북 에어, 미드나이트, M2 8코어, GPU 8코어, 256GB, 8GB, 30W, 영문",이*진,5,256도 문제 없습니다.,무거운 작업 하실 용도면 돈 더 주고 프로라인으로 가는게 맞는 것 같습니다!미드나이트 색상도 너무 예쁘고 성능도 좋습니다.
84,"Apple 2022 맥북 에어, 실버, M2 8코어, GPU 8코어, 256GB, 8GB, 30W, 한글",L*O,5,등록된 헤드라인이 없습니다,맥북은 처음이라 완전신세계입니다배송도 나흘 앞당겨왔구요 고맙고 잘쓰겠습니다
85,"Apple 2022 맥북 에어, 스페이스그레이, M2 8코어, GPU 8코어, 256GB, 8GB, 30W, 한글",아껴살아요,5,등록된 헤드라인이 없습니다,아웅 그냥 너무 좋음 솔직히 나는 서류 작업만 해서 살말 고민 했는데 그냥 시간만 늦출 뿐입니다…얼른 당신네들 손에 겟하십쇼
86,"Apple 2022 맥북 에어, 실버, M2 8코어, GPU 8코어, 256GB, 8GB, 30W, 한글",이*경,4,맥북 박스에 발자국이 흠 누가 밟은건지,그리고 맥북 박스내부에 설명서 박스 열려있는 중고도 아니고 다른제품은 닫혀있는데 뭔가 중고나 리퍼 제품같은 느낌 재포장한건가 ? 성능을 기대만큼이고 외관상 실망인제품
87,"Apple 2022 맥북 에어, 미드나이트, M2 8코어, GPU 10코어, 512GB, 8GB, 35W 듀얼, 한글",송*나,4,누가 썼던 건가요?,2022맥북에어 사전예약하고 방금 개봉했어요.근데 로그인 사진 금테두른 1자 모양 저거 뭐죠?? 이거 누가 썼던 건가요?
88,"Apple 2022 맥북 에어, 미드나이트, M2 8코어, GPU 8코어, 256GB, 8GB, 30W, 한글",공*영,5,등록된 헤드라인이 없습니다,예쁘고 음향도 좋고 화질도 좋아요 아주예뻐서 맘에들어여
89,"Apple 2022 맥북 에어, 스페이스그레이, M2 8코어, GPU 8코어, 256GB, 8GB, 30W, 한글",이*진,4,등록된 헤드라인이 없습니다,"엄청난 성능향상은 없지만, 디자인이 맘에 듭니다."
90,"Apple 2022 맥북 에어, 미드나이트, M2 8코어, GPU 10코어, 512GB, 8GB, 35W 듀얼, 한글",민준v,5,등록된 헤드라인이 없습니다,진짜 사세요! 두번 사세요 후회 안함 무게는 기대했던 것보단 많이 무거워요 !
91,"Apple 2022 맥북 에어, 미드나이트, M2 8코어, GPU 8코어, 256GB, 8GB, 30W, 한글",박살난인성,5,등록된 헤드라인이 없습니다,라이트룸 1시간 돌리니 발열 개쩜 ㅋㅋ 그래서 인덕션으로 쓸까 고민중
101,"Apple 2022 맥북 에어, 미드나이트, M2 8코어, GPU 8코어, 256GB, 8GB, 30W, 한글",서*현,3,등록된 헤드라인이 없습니다,2번 불량 받아서 3번만에 양품 겟
102,"Apple 2022 맥북 에어, 미드나이트, M2 8코어, GPU 10코어, 512GB, 8GB, 35W 듀얼, 한글",이*걸,5,그냥 만족,"디자인 좋고, 성능 좋고 아주 만족합니다."
110,"Apple 2022 맥북 에어, 미드나이트, M2 8코어, GPU 8코어, 512GB, 16GB, 30W, 한글",최*화,5,만족합니다.,"애플 노트북, 더 설명할 필요 없겠죠?"
112,"Apple 2022 맥북 에어, 미드나이트, M2 8코어, GPU 8코어, 256GB, 8GB, 30W, 한글",육*철,5,등록된 헤드라인이 없습니다,기대 이상으로 튼튼하고 좋아요
114,"Apple 2022 맥북 에어, 미드나이트, M2 8코어, GPU 8코어, 512GB, 8GB, 30W, 한글",윤*윤,4,가격에 맞게 좋은편입니다,학습용으로 구매 사용하기에 문제없이 좋습니다
122,"Apple 2022 맥북 에어, 스페이스그레이, M2 8코어, GPU 8코어, 256GB, 8GB, 30W, 한글",김*호,1,화면이…,산지 두달에 사용시간 실사용 10 시간 미만입니다.외부 충격도 없었구요
123,"Apple 2022 맥북 에어, 미드나이트, M2 8코어, GPU 8코어, 256GB, 8GB, 30W, 한글",이*민,5,불안한 배송,배송은 쿠팡 큰 박스로와서 걱정이였는데역시나 완충제없이 애플 박스만 들어있네요.애플 공식 패키징 자체가 완충역활을 해서 흠집난 곳 없이 왔으니 다행이죠.고가 물건에 에어캡 한번 둘러줬으면 어떨까요?
124,"Apple 2022 맥북 에어, 스페이스그레이, M2 8코어, GPU 8코어, 256GB, 8GB, 30W, 한글",동기맘,5,급하게 기숙사로 보내줌,공대생인 아이가 곧 시험기간이라 공부를 열심히 하고있었는데연휴기간에 노트북이 고장나서 당황하는 아이에게 연락받고로켓배송으로 다음날 기숙사로 보내줄수있어서 너무 감사했네요만3년쓰던 맥북은 나중에 고쳐서 제가 쓰면 될거같고이번에 받은 맥북은 속도나 모든면에서 너무나 좋다고아이가 고맙다며 넘 좋아하니 저도 좋더라구요잘쓸께요 많이 파세요~~
125,"Apple 2022 맥북 에어, 미드나이트, M2 8코어, GPU 10코어, 512GB, 8GB, 35W 듀얼, 한글",최*영,5,등록된 헤드라인이 없습니다,월요일에 주문해서 수요일이 도착예정일이었는데 화요일에 와서 깜짝 놀랐어요! 택배가 빨리 와서 좋았지만 큰 택배안에 맥북박스가 덩그러니..이 부분이 살짝 아쉬웠어요ㅠㅠ 그래도 제품에는 문제없어서 다행입니다 ㅎㅎ 미드나이트색으로 구매했는데 생각보다 색이 정말 예뻤어요 불량테스트도 꼼꼼히 해봤는데 아무 문제 없는 것 같고 아주 좋습니다 감사합니다~~~~!!!
126,"Apple 2022 맥북 에어, 미드나이트, M2 8코어, GPU 10코어, 512GB, 8GB, 35W 듀얼, 한글",박*정,5,로켓배송 처음인데. 정말 빠르네요,신속하게 잘 받았습니다. 감사합니다. 좋은 일만 있기를 …
127,"Apple 2022 맥북 에어, 스타라이트, M2 8코어, GPU 8코어, 256GB, 8GB, 30W, 한글",이*리,4,등록된 헤드라인이 없습니다,말로만 듣던 쿠팡 배송 ㅋㅋㅋㅋ 백만원 넘어가는데 박스 터지고 뽁뽁이도 없고 난리네요 ㅋㅋㅋ 아직 개봉전인데 박스보고 열받아서 반품하고 싶어집니다 ㅋㅋㅋ 안에는 멀쩡할까 걱정되네요
128,"Apple 2022 맥북 에어, 스타라이트, M2 8코어, GPU 8코어, 256GB, 8GB, 30W, 한글",박*진,3,쿠팡괜찮은건가요,"두번째 애플제품 쿠팡에서구매해보는데 첫플렉스는 앱치3였어요일주일정도사용하고 서비스센터에서 불량판정받고 로켓배송은안되겟다싶어 반품하고 공홈에서 구매했었습니다 두번째로 맥북에어 주문했는데 받은상품 뒷판에 지워지지않는 얼룩인지 스크레치인지 거뭇거뭇한게 묻어있었어요,, 쿠팡의 애플제품에 신뢰도가 와장창 무너졌는데 할인율이 높았던터라 금액을 포기못하고 그냥 교환받았네요,, 앞으로 애플제품은 쿠팡못할것같아요,,저만 이상있는 물건받았는지 뽑기운이안좋아도 너무안좋은것같네요,, 다른분들은 잘 받아 잘사용하고계시는거같던데 평소뽑기운안좋은분들 쿠팡믿으먄안될것같습니다 ㅠ공홈에서도 안풀리는 할인율로 구매가능한 메리트는있지만 제 뽑기운은 이번생엔아닌가봐요,,"
129,"Apple 2022 맥북 에어, 실버, M2 8코어, GPU 8코어, 256GB, 8GB, 30W, 한글",김*미,3,등록된 헤드라인이 없습니다,제품은 괜찮아요 생각했던 만큼.다만 배송이 예정보다 늦어지고 택배박스가 많이 훼손됐네요 ㅜ
130,"Apple 2022 맥북 에어, 스페이스그레이, M2 8코어, GPU 8코어, 256GB, 8GB, 30W, 한글",한*서,3,이미 개봉된 내부상자가 오네요,"상품은 새상품입니다. 그런데 상품을 감싸고 있는 갈색 상자가 이미 한번 개봉된 이후에 테이프로 다시 마감을 한 상자로 왔습니다.상품 자체는 새상품이여서 문제는 없으나 기분이 좋지는 못하네요.급하게 필요한 거라 쿠팡으로 구매했으나, 다음에는 쿠팡으로 구매하지 않을 것 같습니다."
131,"Apple 2022 맥북 에어, 미드나이트, M2 8코어, GPU 8코어, 256GB, 8GB, 30W, 한글",김*재,4,"모두 만족, 안심 구입처네요.","상품, 배송, 가격 만족해요. 포장 상태, 액세사리 등 확인 이상없어요."
132,"Apple 2022 맥북 에어, 실버, M2 8코어, GPU 8코어, 256GB, 8GB, 30W, 한글",김*경,5,한 달 넘게 고민하다가 깡통으로 구매했습니다,다른 분들이 말한 것 처럼 커다란 박스에 완충제 없이 배송되었고 다행히 눈에 띄게 보이는 흠집은 없습니다. 제품에 대한 만족도는 높지만 포장이 아쉬웠어요
133,"Apple 2022 맥북 에어, 스페이스그레이, M2 8코어, GPU 8코어, 256GB, 8GB, 30W, 한글",안*호,5,애플은 진리,MacBook까지 구입하여 모든 애플 생태계 완료했네요. Mac mini. AirPods. Apple TV. iPhone. 트랙패드. 마우스까지 애플 아닌 게 없어요. 사무용으로 삼성 노트북을 사용했는데 연동이 안 되니 여간 불편한 게 아니었습니다. 사무실에서 까지 MacBook을 사용 하니 집에서 사용하던 문서까지 활용 되어 너무 너무 편하네요. 예상 배송 일 보다 일주일 빨리 받았습니다. 잘 쓰겠습니다.
134,"Apple 2022 맥북 에어, 미드나이트, M2 8코어, GPU 8코어, 256GB, 8GB, 30W, 한글",권*,5,배송 빨리왔고 파손 안되게 배달 잘 받았습니다,여자친구 선물용으로 구매해서 성능은 아직 모르겠지만 파손 없이 빠르게 잘 받았습니다
135,"Apple 2022 맥북 에어, 미드나이트, M2 8코어, GPU 8코어, 256GB, 8GB, 30W, 한글",이*석,5,교환 1회 하였네여ㅠ,매번 이상하게 쿠팡에서 사면 불량품이 ㅠ초기 하단 케이스 사이에 은박지게 끼여있고 까져 있었음 ㅠ사실 그냥 사용하려고 하였으나 교환요청하이후 양품와서 잘 사용중 ㅠ다만 용량이 너무 아쉬움 ㅠ
136,"Apple 2022 맥북 에어, 스페이스그레이, M2 8코어, GPU 8코어, 256GB, 8GB, 30W, 한글",이*영,5,등록된 헤드라인이 없습니다,배송 진짜빨라요!!!!!!!!!!쿠폰할인+카드할인 뜨길레 바로 구매했는데 진짜 너무너무너무 마음에 듭니다진짜 저렴한 가격에 잘 구매한거 같아요앱등이라 아주 유용하게 잘 쓸거 같네요+_+!!
137,"Apple 2022 맥북 에어, 미드나이트, M2 8코어, GPU 8코어, 256GB, 8GB, 30W, 한글",안*나,5,등록된 헤드라인이 없습니다,"예상 배송일정보다 일찍 와서 너무 좋았어요!!!윈도우만 써보다가 핸드폰, 무선 이어폰, 아이패드 같은 애플 제품이 점점 늘어가면서 결국 맥북까지 사게 되었어요... 오마이갓 뉴 앱등이 이즈 히얼근데 정말 제품은 너무 좋아요.금세 단축키도 익숙해져서 너무너무 편하고 좋아요다만 포장이 조금 아쉬웠어요.제품에 박스 포장이 한겹 되어있고, 그게 다시 쿠팡 박스에 포장된 상태인데그 사이에 완충재가 전혀 없어서...ㅠㅠ그래도 제품에는 전혀 이상없어요.잘쓰겠습니다~~"
138,"Apple 2022 맥북 에어, 실버, M2 8코어, GPU 8코어, 256GB, 8GB, 30W, 한글",권*은,5,등록된 헤드라인이 없습니다,사전 예약으로 10만원 할인에 카드 할인 9% 받았어요 고사양이 필요 없어서 그냥 제일 기본으로 질렀는데 생각보다 넘 좋네요 박스안에 완충제도 넉넉하게 들어있고 넘 깨끗하게 와서 기분이 좋아요 도착 예정일이 9월6일이었는데 9월2일 새벽에 도착했어요 잘쓰겠습니다~
139,"Apple 2022 맥북 에어, 실버, M2 8코어, GPU 8코어, 256GB, 8GB, 30W, 한글",한*형,5,믿쓰맥,배송도 빠르고 맥북M2 기종은 말할것없이 너무나도 좋습니다잘 사용할게요 사랑해요 쿠팡!!
140,"Apple 2022 맥북 에어, 미드나이트, M2 8코어, GPU 8코어, 256GB, 8GB, 30W, 한글",표*진,5,너무 예뻐요,디자인이 깔끔하고 예뻐요^^어제 저녁이 주문했는데 바로 와서 놀랬어요^^잘 사용할께요
141,"Apple 2022 맥북 에어, 미드나이트, M2 8코어, GPU 8코어, 256GB, 8GB, 30W, 한글",장팔삼,5,빠른 배송과 애플다운 품질,쿠팡답게 칼배송입이다 미드나잇과 스그중 무엇을 살까 고민하다 미드나잇을 케이스 씌우고 쓰기로했습니다 지문때문에 케이스는 필수이며 실물은 무지무지 이쁩니다 미드나잇 쓰실분은 꼭 케이스도 쓰시길..
142,"Apple 2022 맥북 에어, 스타라이트, M2 8코어, GPU 10코어, 512GB, 8GB, 35W 듀얼, 한글",박*호,5,이렇게 빨리 보내주시면 어떻게 해요,23일 도착 예정이라며 이렇게 빨리 보내주시면 어떻게 해요~~아직 마음의 준비가 안되어 있었는데 ㅋㅋ아무튼 빠르게 잘 보내주셔서 감사합니다.
143,"Apple 2022 맥북 에어, 미드나이트, M2 8코어, GPU 8코어, 256GB, 8GB, 30W, 한글",정*선,5,8/30 도착 예정인데 8/25일 새벽도착,배송은 8/30 도착 예정 되어 있는데 25일 새벽에 도착했고포장은 잘되어 있네요
144,"Apple 2022 맥북 에어, 스페이스그레이, M2 8코어, GPU 8코어, 256GB, 8GB, 30W, 한글",권*연,5,등록된 헤드라인이 없습니다,배송일정보다 일주일은 빨리 받았어요 기다리고 기다리던 m2 성능은 역시나 기대 이상입니다.너무 좋아요
145,"Apple 2022 맥북 에어, 미드나이트, M2 8코어, GPU 8코어, 256GB, 8GB, 30W, 한글",홍*진,2,노트북 찍힘.. 교환은 안됨.,노트북 외관 손상있는데 교환은 안되고 환불만 되는게 별로네요.
146,"Apple 2022 맥북 에어, 미드나이트, M2 8코어, GPU 8코어, 256GB, 8GB, 30W, 한글",홍*기,5,등록된 헤드라인이 없습니다,빠른배송 감사합니다 상품도 이상 없습니다!
156,"Apple 2022 맥북 에어, 스타라이트, M2 8코어, GPU 8코어, 256GB, 8GB, 30W, 한글",차*진,1,쿠팡상담사,쿠팡 상담사 싸가지 없네 오늘 탈되한다
160,"Apple 2022 맥북 에어, 스페이스그레이, M2 8코어, GPU 8코어, 256GB, 8GB, 30W, 한글",가으즈아,1,등록된 헤드라인이 없습니다,제품은 좋으나 교환의 경우 오래 걸리고 새제품이 아닌 누가 단순 반품 한 것을 교환품으로 보낸거 같아요. 이중박스가 아니라 본박스만 완충제와 함게 배송되었네요
161,"Apple 2022 맥북 에어, 실버, M2 8코어, GPU 10코어, 512GB, 8GB, 35W 듀얼, 한글",김*현,1,등록된 헤드라인이 없습니다,고가상품인데 다른 상품으로 배송와서 어이 없었습니다.몇시간 만에 해결되어 다행인데두번다시 구입하지 않을것 같습니다.
969,"Apple 2022 맥북 에어, 스페이스그레이, M2 8코어, GPU 10코어, 512GB, 16GB, 35W 듀얼, 한글",이*하,5,등록된 헤드라인이 없습니다,ㅁㅁㅁㅁㅁㅁㅁㅁㅁㅁㅁㅁㅁㅁㅁㅁㅁㅁㅁㅁㅁㅁㅁㅁㅁㅁㅁㅁㅁㅁㅁㅁㅁㅁㅁㅁㅁ
